{
  "app": {
    "name": "LunoBiz",
    "version": "0.3.0"
  },
  "generated_utc": "2025-12-31 05:30:14 UTC",
  "meta": {
    "context": {
      "pairs": "ETHMYR,BTCMYR,XRPMYR,SOLMYR",
      "entry_timeframe": "15m",
      "signal_timeframe": "1h",
      "days": 180,
      "initial_equity": 100.0,
      "walk_forward": true,
      "slippage_bps": 8.0,
      "fee_bps": 20.0,
      "paper_leverage_enabled": true,
      "paper_leverage_max": 2.0,
      "margin_alloc_cap": 0.6,
      "maint_margin_ratio": 0.35,
      "mr_window": 80,
      "mr_z_enter": 2.0,
      "mr_z_exit": 0.6,
      "mr_bb_k": 2.0,
      "mr_tp_mode": "VWAP",
      "mr_tp_min_r": 0.9,
      "mr_max_hold_bars": 24,
      "mr_vol_expand_ratio": 1.15
    },
    "note": "Bundle contains reports and logs only. No secrets are included."
  },
  "files": [
    "backtest_20251231_053010_summary.txt",
    "backtest_20251231_053010.json",
    "backtest_20251231_053010.csv",
    "lunobiz.log"
  ]
}